ds,trend,yhat_lower,yhat_upper,trend_lower,trend_upper,additive_terms,additive_terms_lower,additive_terms_upper,weekly,weekly_lower,weekly_upper,multiplicative_terms,multiplicative_terms_lower,multiplicative_terms_upper,yhat
2020-05-15,6889.032081264001,6742.160274382083,6743.027705603952,6889.032081264001,6889.032081264001,-146.4360237186038,-146.4360237186038,-146.4360237186038,-146.4360237186038,-146.4360237186038,-146.4360237186038,0.0,0.0,0.0,6742.596057545397
2020-05-16,6829.762984219856,6815.76169217654,6816.628486626076,6829.762984219856,6829.762984219856,-13.56304752653277,-13.56304752653277,-13.56304752653277,-13.56304752653277,-13.56304752653277,-13.56304752653277,0.0,0.0,0.0,6816.199936693323
2020-05-17,6706.9643416138915,6694.587236800348,6695.446551311176,6706.9643416138915,6706.9643416138915,-11.95733936751169,-11.95733936751169,-11.95733936751169,-11.95733936751169,-11.95733936751169,-11.95733936751169,0.0,0.0,0.0,6695.00700224638
2020-05-18,6685.617468622473,6788.739288341586,6789.594378832348,6685.617468622473,6685.617468622473,103.57806290584065,103.57806290584065,103.57806290584065,103.57806290584065,103.57806290584065,103.57806290584065,0.0,0.0,0.0,6789.195531528314
2020-05-19,6667.59742519847,6807.692706530816,6808.5428837609015,6667.59742519847,6667.59742519847,140.50336226501284,140.50336226501284,140.50336226501284,140.50336226501284,140.50336226501284,140.50336226501284,0.0,0.0,0.0,6808.100787463482
2020-05-20,6740.397864457375,6746.682013646761,6747.502852884545,6740.397864457375,6740.397864457375,6.704144509967284,6.704144509967284,6.704144509967284,6.704144509967284,6.704144509967284,6.704144509967284,0.0,0.0,0.0,6747.102008967343
2020-05-21,6922.027063470099,6842.795682418392,6843.615777736041,6922.027063470099,6922.027063470099,-78.82915906877592,-78.82915906877592,-78.82915906877592,-78.82915906877592,-78.82915906877592,-78.82915906877592,0.0,0.0,0.0,6843.197904401323
2020-05-22,7280.83372787446,7133.981085662221,7134.822080992759,7280.83372787446,7280.83372787446,-146.43602371856593,-146.43602371856593,-146.43602371856593,-146.43602371856593,-146.43602371856593,-146.43602371856593,0.0,0.0,0.0,7134.397704155895
2020-05-23,7320.068199596455,7306.070946432368,7306.884647835409,7320.068199596455,7320.068199596455,-13.563047526414135,-13.563047526414135,-13.563047526414135,-13.563047526414135,-13.563047526414135,-13.563047526414135,0.0,0.0,0.0,7306.505152070041
2020-05-24,7361.550400351005,7349.129381199661,7350.004793815753,7361.550400351005,7361.550400351005,-11.957339367685208,-11.957339367685208,-11.957339367685208,-11.957339367685208,-11.957339367685208,-11.957339367685208,0.0,0.0,0.0,7349.593060983319
2020-05-25,7371.925108637772,7475.086115178952,7475.930664684768,7371.925108637772,7371.925108637772,103.57806290609186,103.57806290609186,103.57806290609186,103.57806290609186,103.57806290609186,103.57806290609186,0.0,0.0,0.0,7475.503171543864
2020-05-26,7406.3043963886485,7546.402523921732,7547.220863419458,7406.3043963886485,7406.3043963886485,140.5033622650463,140.5033622650463,140.5033622650463,140.5033622650463,140.5033622650463,140.5033622650463,0.0,0.0,0.0,7546.807758653695
2020-05-27,7403.883808519561,7410.183558431372,7411.028701509355,7403.883808519561,7403.883808519561,6.704144509802761,6.704144509802761,6.704144509802761,6.704144509802761,6.704144509802761,6.704144509802761,0.0,0.0,0.0,7410.587953029364
2020-05-28,7161.63670514411,7082.367999336489,7083.220731165693,7161.63670514411,7161.63670514411,-78.8291590684893,-78.8291590684893,-78.8291590684893,-78.8291590684893,-78.8291590684893,-78.8291590684893,0.0,0.0,0.0,7082.807546075621
2020-05-29,7116.7364458792035,6969.888586491977,6970.730744755009,7116.7364458792035,7116.7364458792035,-146.43602371875463,-146.43602371875463,-146.43602371875463,-146.43602371875463,-146.43602371875463,-146.43602371875463,0.0,0.0,0.0,6970.300422160449
2020-05-30,6625.561588588844,6611.580277981935,6612.425950844417,6625.561588588844,6625.561588588844,-13.563047526295485,-13.563047526295485,-13.563047526295485,-13.563047526295485,-13.563047526295485,-13.563047526295485,0.0,0.0,0.0,6611.998541062549
2020-05-31,6398.157291327938,6385.8046629328155,6386.616592916006,6398.157291327938,6398.157291327938,-11.957339367594596,-11.957339367594596,-11.957339367594596,-11.957339367594596,-11.957339367594596,-11.957339367594596,0.0,0.0,0.0,6386.199951960343
2020-06-01,6389.2231873023065,6492.380071672918,6493.213070411029,6389.2231873023065,6389.2231873023065,103.57806290585985,103.57806290585985,103.57806290585985,103.57806290585985,103.57806290585985,103.57806290585985,0.0,0.0,0.0,6492.8012502081665
2020-06-02,6375.288026453674,6515.385217646361,6516.207089478947,6375.288026453674,6375.288026453674,140.50336226507977,140.50336226507977,140.50336226507977,140.50336226507977,140.50336226507977,140.50336226507977,0.0,0.0,0.0,6515.791388718754
2020-06-03,6408.6058845704965,6414.90727047896,6415.73068793247,6408.6058845704965,6408.6058845704965,6.704144509843513,6.704144509843513,6.704144509843513,6.704144509843513,6.704144509843513,6.704144509843513,0.0,0.0,0.0,6415.31002908034
2020-06-04,6441.923742687319,6362.719601539625,6363.54293367063,6441.923742687319,6441.923742687319,-78.82915906851899,-78.82915906851899,-78.82915906851899,-78.82915906851899,-78.82915906851899,-78.82915906851899,0.0,0.0,0.0,6363.094583618799
2020-06-05,6475.24160080414,6328.410452236088,6329.212136383472,6475.24160080414,6475.24160080414,-146.4360237187024,-146.4360237187024,-146.4360237187024,-146.4360237187024,-146.4360237187024,-146.4360237187024,0.0,0.0,0.0,6328.805577085438
2020-06-06,6508.559458920961,6494.583393150507,6495.453819269639,6508.559458920961,6508.559458920961,-13.563047526272856,-13.563047526272856,-13.563047526272856,-13.563047526272856,-13.563047526272856,-13.563047526272856,0.0,0.0,0.0,6494.996411394688
2020-06-07,6541.8773170377835,6458.728570937161,6608.229435857304,6471.009301208392,6620.091553897956,-11.957339367503984,-11.957339367503984,-11.957339367503984,-11.957339367503984,-11.957339367503984,-11.957339367503984,0.0,0.0,0.0,6529.91997767028
2020-06-08,6575.195175154606,6439.764682779654,6936.835589170717,6336.541079158011,6833.03198834713,103.57806290611106,103.57806290611106,103.57806290611106,103.57806290611106,103.57806290611106,103.57806290611106,0.0,0.0,0.0,6678.773238060717
2020-06-09,6608.513033271427,6292.508206711269,7245.300207989365,6151.835473789219,7104.843661975722,140.50336226523976,140.50336226523976,140.50336226523976,140.50336226523976,140.50336226523976,140.50336226523976,0.0,0.0,0.0,6749.016395536667
2020-06-10,6641.830891388249,5917.3275500890495,7413.316224159968,5911.3221401257415,7406.558773326369,6.704144509884253,6.704144509884253,6.704144509884253,6.704144509884253,6.704144509884253,6.704144509884253,0.0,0.0,0.0,6648.535035898133
2020-06-11,6675.1487495050715,5560.511548597365,7697.059575228339,5639.02256144477,7775.987215085473,-78.82915906867056,-78.82915906867056,-78.82915906867056,-78.82915906867056,-78.82915906867056,-78.82915906867056,0.0,0.0,0.0,6596.319590436401
2020-06-12,6708.466607621894,5192.5727751764525,8069.817626942182,5338.615910057111,8216.433190513839,-146.4360237186789,-146.4360237186789,-146.4360237186789,-146.4360237186789,-146.4360237186789,-146.4360237186789,0.0,0.0,0.0,6562.030583903214
2020-06-13,6741.784465738715,5010.622621995001,8666.134982675207,5024.297735785279,8679.435443293341,-13.563047526250221,-13.563047526250221,-13.563047526250221,-13.563047526250221,-13.563047526250221,-13.563047526250221,0.0,0.0,0.0,6728.221418212464
2020-06-14,6775.102323855536,4601.112764280686,9165.012578150254,4612.9093055672365,9177.611524141803,-11.957339367677504,-11.957339367677504,-11.957339367677504,-11.957339367677504,-11.957339367677504,-11.957339367677504,0.0,0.0,0.0,6763.144984487859
2020-06-15,6808.4201819723585,4296.817201465254,9686.851587022527,4193.067121624555,9583.517188810747,103.57806290612065,103.57806290612065,103.57806290612065,103.57806290612065,103.57806290612065,103.57806290612065,0.0,0.0,0.0,6911.998244878479
2020-06-16,6841.738040089181,4022.1866827626027,10279.1005159817,3882.4243930665602,10138.714116820174,140.5033622650252,140.5033622650252,140.5033622650252,140.5033622650252,140.5033622650252,140.5033622650252,0.0,0.0,0.0,6982.241402354206
2020-06-17,6875.055898206002,3451.137252569951,10685.689246255686,3444.3602297563802,10679.272089195203,6.704144509719732,6.704144509719732,6.704144509719732,6.704144509719732,6.704144509719732,6.704144509719732,0.0,0.0,0.0,6881.760042715721
2020-06-18,6908.373756322824,3086.716189847857,11115.4509574385,3165.3784650058383,11194.067796511215,-78.82915906870024,-78.82915906870024,-78.82915906870024,-78.82915906870024,-78.82915906870024,-78.82915906870024,0.0,0.0,0.0,6829.544597254124
2020-06-19,6941.6916144396455,2382.0481823118494,11631.585625308866,2528.835688617067,11777.998583224062,-146.43602371862667,-146.43602371862667,-146.43602371862667,-146.43602371862667,-146.43602371862667,-146.43602371862667,0.0,0.0,0.0,6795.255590721019
2020-06-20,6975.009472556468,1990.9253564904452,12355.259663593246,2004.7487109379795,12368.90837980992,-13.563047526472614,-13.563047526472614,-13.563047526472614,-13.563047526472614,-13.563047526472614,-13.563047526472614,0.0,0.0,0.0,6961.446425029995
2020-06-21,7008.32733067329,1393.0727642880618,13035.216641333514,1404.9887780153038,13046.727462763323,-11.957339367586892,-11.957339367586892,-11.957339367586892,-11.957339367586892,-11.957339367586892,-11.957339367586892,0.0,0.0,0.0,6996.369991305703
2020-06-22,7041.645188790111,924.2278795919301,13729.472256836832,820.5777683382842,13626.070475001054,103.57806290637185,103.57806290637185,103.57806290637185,103.57806290637185,103.57806290637185,103.57806290637185,0.0,0.0,0.0,7145.223251696483
2020-06-23,7074.963046906933,290.5668941662262,14445.64033432811,150.7113226169946,14305.121553900552,140.50336226530672,140.50336226530672,140.50336226530672,140.50336226530672,140.50336226530672,140.50336226530672,0.0,0.0,0.0,7215.46640917224
2020-06-24,7108.280905023756,-462.5451259002021,15060.789976611395,-469.0386895000069,15053.732471322903,6.704144509555219,6.704144509555219,6.704144509555219,6.704144509555219,6.704144509555219,6.704144509555219,0.0,0.0,0.0,7114.985049533311
2020-06-25,7141.598763140577,-1103.8663058422553,15711.692959531376,-1024.7566992806362,15790.521605093409,-78.82915906841363,-78.82915906841363,-78.82915906841363,-78.82915906841363,-78.82915906841363,-78.82915906841363,0.0,0.0,0.0,7062.769604072163
2020-06-26,7174.916621257399,-1864.1757154700429,16259.205216769535,-1717.9863670866407,16405.498096962714,-146.43602371858879,-146.43602371858879,-146.43602371858879,-146.43602371858879,-146.43602371858879,-146.43602371858879,0.0,0.0,0.0,7028.48059753881
2020-06-27,7208.23447937422,-2276.6139199922427,17032.918426344728,-2262.7453711119124,17045.736389859838,-13.563047526353985,-13.563047526353985,-13.563047526353985,-13.563047526353985,-13.563047526353985,-13.563047526353985,0.0,0.0,0.0,7194.671431847866
2020-06-28,7241.552337491043,-2956.807386532293,17673.483607500224,-2945.075873968165,17685.30633181765,-11.95733936768364,-11.95733936768364,-11.95733936768364,-11.95733936768364,-11.95733936768364,-11.95733936768364,0.0,0.0,0.0,7229.594998123359
2020-06-29,7274.870195607865,-3552.9383858782244,18542.135117026144,-3656.0536294737544,18438.67047813619,103.57806290638145,103.57806290638145,103.57806290638145,103.57806290638145,103.57806290638145,103.57806290638145,0.0,0.0,0.0,7378.448258514246
2020-06-30,7308.188053724686,-4153.919437778953,19453.866632202153,-4294.528450744872,19313.77483160131,140.50336226509225,140.50336226509225,140.50336226509225,140.50336226509225,140.50336226509225,140.50336226509225,0.0,0.0,0.0,7448.691415989779
2020-07-01,7341.505911841508,-4948.086362902058,19977.90788519714,-4954.827683928857,19970.94110083036,6.704144509834165,6.704144509834165,6.704144509834165,6.704144509834165,6.704144509834165,6.704144509834165,0.0,0.0,0.0,7348.210056351342
2020-07-02,7374.82376995833,-5834.462752145878,20735.63134359507,-5756.224827619942,20814.32020431547,-78.82915906844332,-78.82915906844332,-78.82915906844332,-78.82915906844332,-78.82915906844332,-78.82915906844332,0.0,0.0,0.0,7295.994610889887
2020-07-03,7408.141628075151,-6792.993800922597,21448.153562022468,-6646.014335229692,21594.980468668422,-146.43602371853652,-146.43602371853652,-146.43602371853652,-146.43602371853652,-146.43602371853652,-146.43602371853652,0.0,0.0,0.0,7261.7056043566145
2020-07-04,7441.459486191974,-7307.286435366391,22466.423562910357,-7293.657857967706,22479.850877704186,-13.563047526427336,-13.563047526427336,-13.563047526427336,-13.563047526427336,-13.563047526427336,-13.563047526427336,0.0,0.0,0.0,7427.896438665547
2020-07-05,7474.777344308795,-7657.647604120374,23315.634588268473,-7645.596598332703,23327.392662797454,-11.957339367405675,-11.957339367405675,-11.957339367405675,-11.957339367405675,-11.957339367405675,-11.957339367405675,0.0,0.0,0.0,7462.82000494139
2020-07-06,7508.095202425618,-8158.075457052673,24087.870874240794,-8261.737859044559,23984.081823868084,103.57806290603527,103.57806290603527,103.57806290603527,103.57806290603527,103.57806290603527,103.57806290603527,0.0,0.0,0.0,7611.673265331653
